Date,USD
2014-09-17,1236
2014-09-18,1220.5
2014-09-19,1219.8
2014-09-22,1213.5
2014-09-23,1222
2014-09-24,1217.3
2014-09-25,1213.8
2014-09-26,1213.8
2014-09-29,1219.5
2014-09-30,1216.5
2014-10-01,1216.5
2014-10-02,1211.8
2014-10-03,1195
2014-10-06,1195.8
2014-10-07,1210.5
2014-10-08,1217
2014-10-09,1226.8
2014-10-10,1219
2014-10-13,1229
2014-10-14,1234.8
2014-10-15,1237.5
2014-10-16,1237.8
2014-10-17,1234.3
2014-10-20,1244.5
2014-10-21,1250.3
2014-10-22,1243.8
2014-10-23,1232.8
2014-10-24,1232.8
2014-10-27,1228.8
2014-10-28,1229.3
2014-10-29,1223.5
2014-10-30,1202
2014-10-31,1164.3
2014-11-03,1167.8
2014-11-04,1166.5
2014-11-05,1142
2014-11-06,1145
2014-11-07,1154.5
2014-11-10,1162
2014-11-11,1156.5
2014-11-12,1164.5
2014-11-13,1161.8
2014-11-14,1169
2014-11-17,1182.5
2014-11-18,1192.8
2014-11-19,1196
2014-11-20,1190
2014-11-21,1203.8
2014-11-24,1197.5
2014-11-25,1199
2014-11-26,1197.5
2014-11-27,1194.8
2014-11-28,1182.8
2014-12-01,1194
2014-12-02,1195
2014-12-03,1204.8
2014-12-04,1209
2014-12-05,1194
2014-12-08,1193
2014-12-09,1227
2014-12-10,1229
2014-12-11,1216.3
2014-12-12,1217
2014-12-15,1209.3
2014-12-16,1202.5
2014-12-17,1195.8
2014-12-18,1199
2014-12-19,1195.5
2014-12-22,1195.3
2014-12-23,1175.8
2014-12-24,1175.8
2014-12-25,1175.8
2014-12-26,1175.8
2014-12-29,1185.5
2014-12-30,1206
2014-12-31,1206
2015-01-01,1206
2015-01-02,1172
2015-01-05,1200
2015-01-06,1210.3
2015-01-07,1210.5
2015-01-08,1215.5
2015-01-09,1217.8
2015-01-12,1226.5
2015-01-13,1231.5
2015-01-14,1235
2015-01-15,1259
2015-01-16,1277.5
2015-01-19,1273.8
2015-01-20,1288.8
2015-01-21,1293.5
2015-01-22,1295.8
2015-01-23,1294.8
2015-01-26,1281.3
2015-01-27,1288.5
2015-01-28,1288
2015-01-29,1268.8
2015-01-30,1260.3
2015-02-02,1272.5
2015-02-03,1264.3
2015-02-04,1268.5
2015-02-05,1259.3
2015-02-06,1241
2015-02-09,1238.5
2015-02-10,1234.5
2015-02-11,1223.8
2015-02-12,1222.5
2015-02-13,1232.5
2015-02-16,1229.3
2015-02-17,1209.5
2015-02-18,1206
2015-02-19,1209.5
2015-02-20,1208.3
2015-02-23,1204.5
2015-02-24,1192.5
2015-02-25,1204.8
2015-02-26,1208.3
2015-02-27,1214
2015-03-02,1212.5
2015-03-03,1212.8
2015-03-04,1199.5
2015-03-05,1202
2015-03-06,1175.8
2015-03-09,1168.5
2015-03-10,1162
2015-03-11,1150
2015-03-12,1152.3
2015-03-13,1152
2015-03-16,1150.8
2015-03-17,1150.8
2015-03-18,1147.3
2015-03-19,1166
2015-03-20,1183.1
2015-03-23,1186.3
2015-03-24,1191.5
2015-03-25,1195.6
2015-03-26,1203.2
2015-03-27,1195.8
2015-03-30,1185.5
2015-03-31,1187
2015-04-01,1197
2015-04-02,1198.5
2015-04-03,1198.5
2015-04-06,1198.5
2015-04-07,1211
2015-04-08,1207.3
2015-04-09,1194.8
2015-04-10,1207.4
2015-04-13,1198.9
2015-04-14,1194.8
2015-04-15,1192.9
2015-04-16,1204.4
2015-04-17,1203.4
2015-04-20,1196.5
2015-04-21,1195.3
2015-04-22,1189.3
2015-04-23,1185.8
2015-04-24,1183
2015-04-27,1200
2015-04-28,1209
2015-04-29,1209
2015-04-30,1180.3
2015-05-01,1176
2015-05-04,1176
2015-05-05,1197
2015-05-06,1194.3
2015-05-07,1187
2015-05-08,1186
2015-05-11,1189.3
2015-05-12,1191.5
2015-05-13,1210.5
2015-05-14,1225
2015-05-15,1220.5
2015-05-18,1223.5
2015-05-19,1214.3
2015-05-20,1210.5
2015-05-21,1205
2015-05-22,1204.1
2015-05-25,1204.1
2015-05-26,1185.4
2015-05-27,1185.9
2015-05-28,1185
2015-05-29,1191.4
2015-06-01,1199.9
2015-06-02,1192.8
2015-06-03,1190
2015-06-04,1176
2015-06-05,1164.6
2015-06-08,1172.8
2015-06-09,1177.4
2015-06-10,1188.5
2015-06-11,1178.5
2015-06-12,1182.8
2015-06-15,1181.4
2015-06-16,1177.8
2015-06-17,1178
2015-06-18,1201.9
2015-06-19,1203.4
2015-06-22,1185.5
2015-06-23,1178
2015-06-24,1173.8
2015-06-25,1172.7
2015-06-26,1170.5
2015-06-29,1176
2015-06-30,1171
2015-07-01,1168
2015-07-02,1165.3
2015-07-03,1168
2015-07-06,1166
2015-07-07,1156.3
2015-07-08,1158.5
2015-07-09,1164.3
2015-07-10,1159.3
2015-07-13,1154
2015-07-14,1157.4
2015-07-15,1147.4
2015-07-16,1144.4
2015-07-17,1132.8
2015-07-20,1104.6
2015-07-21,1105.6
2015-07-22,1088.6
2015-07-23,1097.4
2015-07-24,1080.8
2015-07-27,1100
2015-07-28,1096.2
2015-07-29,1090.3
2015-07-30,1087.5
2015-07-31,1098.4
2015-08-03,1091.9
2015-08-04,1090.7
2015-08-05,1085.1
2015-08-06,1089.8
2015-08-07,1093.5
2015-08-10,1097
2015-08-11,1108.3
2015-08-12,1119
2015-08-13,1116.8
2015-08-14,1118.3
2015-08-17,1118.8
2015-08-18,1111.5
2015-08-19,1126.2
2015-08-20,1147.7
2015-08-21,1156.5
2015-08-24,1166.5
2015-08-25,1137.5
2015-08-26,1120.8
2015-08-27,1119
2015-08-28,1135
2015-08-31,1135
2015-09-01,1142.3
2015-09-02,1137.8
2015-09-03,1128
2015-09-04,1118.3
2015-09-07,1119.5
2015-09-08,1121.2
2015-09-09,1109.9
2015-09-10,1109.5
2015-09-11,1100.3
2015-09-14,1104.8
2015-09-15,1106
2015-09-16,1117.6
2015-09-17,1117.5
2015-09-18,1141.5
2015-09-21,1133.3
2015-09-22,1122.9
2015-09-23,1131.4
2015-09-24,1154.5
2015-09-25,1146.7
2015-09-28,1131.1
2015-09-29,1132.1
2015-09-30,1114
2015-10-01,1119
2015-10-02,1140.8
2015-10-05,1139.8
2015-10-06,1147.5
2015-10-07,1144.6
2015-10-08,1140
2015-10-09,1151.6
2015-10-12,1164.9
2015-10-13,1165.2
2015-10-14,1173.9
2015-10-15,1184.3
2015-10-16,1180.9
2015-10-19,1175.4
2015-10-20,1177.8
2015-10-21,1167.1
2015-10-22,1167
2015-10-23,1161.3
2015-10-26,1166.4
2015-10-27,1165.7
2015-10-28,1179.6
2015-10-29,1148.6
2015-10-30,1142.4
2015-11-02,1134
2015-11-03,1123.1
2015-11-04,1114.7
2015-11-05,1106.3
2015-11-06,1088.9
2015-11-09,1089.6
2015-11-10,1087.1
2015-11-11,1085.9
2015-11-12,1087.4
2015-11-13,1081.5
2015-11-16,1084.8
2015-11-17,1079.2
2015-11-18,1067.8
2015-11-19,1082.6
2015-11-20,1081.8
2015-11-23,1070.5
2015-11-24,1076.4
2015-11-25,1068
2015-11-26,1071
2015-11-27,1057.4
2015-11-30,1061.9
2015-12-01,1065.4
2015-12-02,1055.4
2015-12-03,1055.5
2015-12-04,1079.3
2015-12-07,1075.8
2015-12-08,1072.1
2015-12-09,1081
2015-12-10,1071
2015-12-11,1072.5
2015-12-14,1068.3
2015-12-15,1061.5
2015-12-16,1075.3
2015-12-17,1049.4
2015-12-18,1062.5
2015-12-21,1078.8
2015-12-22,1074.9
2015-12-23,1068.3
2015-12-24,1068.3
2015-12-25,1068.3
2015-12-28,1068.3
2015-12-29,1070.1
2015-12-30,1060
2015-12-31,1060
2016-01-01,1060
2016-01-04,1082.3
2016-01-05,1077
2016-01-06,1091.4
2016-01-07,1106.4
2016-01-08,1101.9
2016-01-11,1100.8
2016-01-12,1085.4
2016-01-13,1088.2
2016-01-14,1088.4
2016-01-15,1093.8
2016-01-18,1089.2
2016-01-19,1086.3
2016-01-20,1101.8
2016-01-21,1096.5
2016-01-22,1096.3
2016-01-25,1106.6
2016-01-26,1113.6
2016-01-27,1116.3
2016-01-28,1114
2016-01-29,1111.8
2016-02-01,1126.5
2016-02-02,1128.5
2016-02-03,1132
2016-02-04,1156.4
2016-02-05,1150.4
2016-02-08,1193.3
2016-02-09,1191
2016-02-10,1190
2016-02-11,1241
2016-02-12,1239.8
2016-02-15,1208.2
2016-02-16,1209.5
2016-02-17,1210
2016-02-18,1210.1
2016-02-19,1231.2
2016-02-22,1211
2016-02-23,1221.4
2016-02-24,1250.8
2016-02-25,1236
2016-02-26,1226.5
2016-02-29,1234.9
2016-03-01,1236.5
2016-03-02,1239.2
2016-03-03,1250.3
2016-03-04,1277.5
2016-03-07,1267.9
2016-03-08,1267
2016-03-09,1246.4
2016-03-10,1266.5
2016-03-11,1264.8
2016-03-14,1242.8
2016-03-15,1232
2016-03-16,1228.5
2016-03-17,1266.5
2016-03-18,1252.1
2016-03-21,1244.9
2016-03-22,1252.5
2016-03-23,1217.6
2016-03-24,1221
2016-03-25,1221
2016-03-28,1221
2016-03-29,1226
2016-03-30,1236.3
2016-03-31,1237
2016-04-01,1213.6
2016-04-04,1219.8
2016-04-05,1231.3
2016-04-06,1221.4
2016-04-07,1242.1
2016-04-08,1239.5
2016-04-11,1254.8
2016-04-12,1254.6
2016-04-13,1245.8
2016-04-14,1233.9
2016-04-15,1227.1
2016-04-18,1234.3
2016-04-19,1255.4
2016-04-20,1252
2016-04-21,1249.3
2016-04-22,1243.3
2016-04-25,1238.9
2016-04-26,1241.7
2016-04-27,1247.4
2016-04-28,1256
2016-04-29,1285.7
2016-05-02,1285.7
2016-05-03,1294
2016-05-04,1283
2016-05-05,1280.3
2016-05-06,1289
2016-05-09,1265.3
2016-05-10,1262.8
2016-05-11,1276.9
2016-05-12,1279.3
2016-05-13,1265.9
2016-05-16,1285.8
2016-05-17,1277
2016-05-18,1272.9
2016-05-19,1246.3
2016-05-20,1254.2
2016-05-23,1245.9
2016-05-24,1236.9
2016-05-25,1220.6
2016-05-26,1223.9
2016-05-27,1216.3
2016-05-30,1216.3
2016-05-31,1212.1
2016-06-01,1214.5
2016-06-02,1212.4
2016-06-03,1240.5
2016-06-06,1244
2016-06-07,1241
2016-06-08,1263
2016-06-09,1263.9
2016-06-10,1275.5
2016-06-13,1280.8
2016-06-14,1287.2
2016-06-15,1283.3
2016-06-16,1310.8
2016-06-17,1290.7
2016-06-20,1281.8
2016-06-21,1272.6
2016-06-22,1264.9
2016-06-23,1262.2
2016-06-24,1315.5
2016-06-27,1324.6
2016-06-28,1309.7
2016-06-29,1321.5
2016-06-30,1320.8
2016-07-01,1340
2016-07-04,1350.8
2016-07-05,1350.8
2016-07-06,1366.3
2016-07-07,1356.7
2016-07-08,1354.3
2016-07-11,1357.1
2016-07-12,1342.4
2016-07-13,1342.8
2016-07-14,1323.6
2016-07-15,1327
2016-07-18,1334.7
2016-07-19,1330.9
2016-07-20,1315.9
2016-07-21,1321.2
2016-07-22,1320.8
2016-07-25,1313.2
2016-07-26,1323
2016-07-27,1329
2016-07-28,1341.8
2016-07-29,1342
2016-08-01,1349.7
2016-08-02,1363.8
2016-08-03,1358.9
2016-08-04,1362.8
2016-08-05,1340.4
2016-08-08,1336.8
2016-08-09,1341
2016-08-10,1347.7
2016-08-11,1355
2016-08-12,1352.2
2016-08-15,1339.4
2016-08-16,1344
2016-08-17,1343.4
2016-08-18,1350.1
2016-08-19,1346.4
2016-08-22,1335.9
2016-08-23,1342
2016-08-24,1327.3
2016-08-25,1321.3
2016-08-26,1318.8
2016-08-29,1318.8
2016-08-30,1318.2
2016-08-31,1309.3
2016-09-01,1309.5
2016-09-02,1324.7
2016-09-05,1326.4
2016-09-06,1337.3
2016-09-07,1348.4
2016-09-08,1343.4
2016-09-09,1330.9
2016-09-12,1324.6
2016-09-13,1323.7
2016-09-14,1321.8
2016-09-15,1310.8
2016-09-16,1308.4
2016-09-19,1314.9
2016-09-20,1313.8
2016-09-21,1326.1
2016-09-22,1339.1
2016-09-23,1338.7
2016-09-26,1340.5
2016-09-27,1327
2016-09-28,1322.5
2016-09-29,1318.1
2016-09-30,1322.5
2016-10-03,1313.3
2016-10-04,1283.3
2016-10-05,1269.4
2016-10-06,1254.5
2016-10-07,1258.8
2016-10-10,1259.5
2016-10-11,1253.5
2016-10-12,1256.5
2016-10-13,1261.1
2016-10-14,1251.8
2016-10-17,1254.8
2016-10-18,1258.2
2016-10-19,1269.1
2016-10-20,1271.7
2016-10-21,1266.1
2016-10-24,1265.6
2016-10-25,1269.4
2016-10-26,1270.5
2016-10-27,1266.3
2016-10-28,1273
2016-10-31,1272
2016-11-01,1288.5
2016-11-02,1303.8
2016-11-03,1301
2016-11-04,1302.8
2016-11-07,1283.1
2016-11-08,1282.4
2016-11-09,1281.4
2016-11-10,1267.5
2016-11-11,1236.5
2016-11-14,1213.6
2016-11-15,1227
2016-11-16,1229.2
2016-11-17,1226.8
2016-11-18,1211
2016-11-21,1214.3
2016-11-22,1212.3
2016-11-23,1185.4
2016-11-24,1186.1
2016-11-25,1187.7
2016-11-28,1187
2016-11-29,1186.6
2016-11-30,1178.1
2016-12-01,1161.9
2016-12-02,1173.5
2016-12-05,1162.2
2016-12-06,1172.5
2016-12-07,1177.7
2016-12-08,1171.1
2016-12-09,1163.6
2016-12-12,1156.1
2016-12-13,1158.6
2016-12-14,1162.3
2016-12-15,1127
2016-12-16,1131.6
2016-12-19,1136.3
2016-12-20,1125.7
2016-12-21,1133.7
2016-12-22,1131.4
2016-12-23,1131.4
2016-12-26,1131.4
2016-12-27,1131.4
2016-12-28,1134.6
2016-12-29,1145.9
2016-12-30,1145.9
2017-01-02,1145.9
2017-01-03,1151
2017-01-04,1164.3
2017-01-05,1176.7
2017-01-06,1175.9
2017-01-09,1178.5
2017-01-10,1189.5
2017-01-11,1178.6
2017-01-12,1205.1
2017-01-13,1190.4
2017-01-16,1203
2017-01-17,1216.1
2017-01-18,1214.8
2017-01-19,1196.1
2017-01-20,1200.6
2017-01-23,1212.9
2017-01-24,1216.8
2017-01-25,1195
2017-01-26,1189.7
2017-01-27,1184.9
2017-01-30,1192.8
2017-01-31,1212.8
2017-02-01,1203.7
2017-02-02,1222
2017-02-03,1215.2
2017-02-06,1226.8
2017-02-07,1231
2017-02-08,1242.1
2017-02-09,1236.8
2017-02-10,1228.3
2017-02-13,1222.3
2017-02-14,1230.8
2017-02-15,1224.4
2017-02-16,1240.6
2017-02-17,1242
2017-02-20,1237.3
2017-02-21,1233.2
2017-02-22,1236.7
2017-02-23,1247.9
2017-02-24,1253.7
2017-02-27,1257.2
2017-02-28,1255.6
2017-03-01,1240.4
2017-03-02,1238.1
2017-03-03,1226.5
2017-03-06,1231
2017-03-07,1216.7
2017-03-08,1209.2
2017-03-09,1206.6
2017-03-10,1202.7
2017-03-13,1204.2
2017-03-14,1204.6
2017-03-15,1198.8
2017-03-16,1229.4
2017-03-17,1229.6
2017-03-20,1232.4
2017-03-21,1241.6
2017-03-22,1249.1
2017-03-23,1247.5
2017-03-24,1247.5
2017-03-27,1257.6
2017-03-28,1257.3
2017-03-29,1251.1
2017-03-30,1248.8
2017-03-31,1244.9
2017-04-03,1247.3
2017-04-04,1257.7
2017-04-05,1245.8
2017-04-06,1252.5
2017-04-07,1266.5
2017-04-10,1250.1
2017-04-11,1252.9
2017-04-12,1274.3
2017-04-13,1284.2
2017-04-14,1284.2
2017-04-17,1284.2
2017-04-18,1279
2017-04-19,1279.1
2017-04-20,1282.1
2017-04-21,1281.9
2017-04-24,1269.4
2017-04-25,1267.8
2017-04-26,1261.9
2017-04-27,1262.8
2017-04-28,1266.5
2017-05-01,1266.5
2017-05-02,1255.5
2017-05-03,1250.3
2017-05-04,1228.5
2017-05-05,1228.1
2017-05-08,1229.8
2017-05-09,1220.4
2017-05-10,1223
2017-05-11,1223.2
2017-05-12,1231.3
2017-05-15,1233.3
2017-05-16,1234.2
2017-05-17,1257.4
2017-05-18,1255.9
2017-05-19,1252
2017-05-22,1258.9
2017-05-23,1260.2
2017-05-24,1252.6
2017-05-25,1257
2017-05-26,1265.1
2017-05-29,1265.1
2017-05-30,1262.7
2017-05-31,1266.2
2017-06-01,1264.9
2017-06-02,1275
2017-06-05,1280
2017-06-06,1293.5
2017-06-07,1291
2017-06-08,1273.1
2017-06-09,1266.6
2017-06-12,1266.4
2017-06-13,1262
2017-06-14,1275.5
2017-06-15,1254.6
2017-06-16,1255.4
2017-06-19,1248.2
2017-06-20,1242.2
2017-06-21,1242.5
2017-06-22,1250.8
2017-06-23,1255.7
2017-06-26,1245.3
2017-06-27,1249.6
2017-06-28,1248
2017-06-29,1243.5
2017-06-30,1242.3
2017-07-03,1229.3
2017-07-04,1223.8
2017-07-05,1220.3
2017-07-06,1224.9
2017-07-07,1215.7
2017-07-10,1211.9
2017-07-11,1211.1
2017-07-12,1218.8
2017-07-13,1218.9
2017-07-14,1230.3
2017-07-17,1234.1
2017-07-18,1240.8
2017-07-19,1242.2
2017-07-20,1238.7
2017-07-21,1248.6
2017-07-24,1255.6
2017-07-25,1254.4
2017-07-26,1248.1
2017-07-27,1261.1
2017-07-28,1264.9
2017-07-31,1267.6
2017-08-01,1271
2017-08-02,1269.6
2017-08-03,1268.1
2017-08-04,1257.7
2017-08-07,1258
2017-08-08,1261.8
2017-08-09,1271.1
2017-08-10,1284.4
2017-08-11,1286.1
2017-08-14,1282.3
2017-08-15,1270.3
2017-08-16,1272.8
2017-08-17,1285.2
2017-08-18,1295.8
2017-08-21,1292.9
2017-08-22,1284.2
2017-08-23,1286.7
2017-08-24,1289
2017-08-25,1285.3
2017-08-28,1285.3
2017-08-29,1318.7
2017-08-30,1308.5
2017-08-31,1311.8
2017-09-01,1320.4
2017-09-04,1333.1
2017-09-05,1335.6
2017-09-06,1337.9
2017-09-07,1343.5
2017-09-08,1346.3
2017-09-11,1334.2
2017-09-12,1326.5
2017-09-13,1327.6
2017-09-14,1324.6
2017-09-15,1322.9
2017-09-18,1312.1
2017-09-19,1309.6
2017-09-20,1311.3
2017-09-21,1292.1
2017-09-22,1294.8
2017-09-25,1293.3
2017-09-26,1300.1
2017-09-27,1282.6
2017-09-28,1283.4
2017-09-29,1283.1
2017-10-02,1273.7
2017-10-03,1271.3
2017-10-04,1274.3
2017-10-05,1274.5
2017-10-06,1261.8
2017-10-09,1278.8
2017-10-10,1291.4
2017-10-11,1289.3
2017-10-12,1290.3
2017-10-13,1299.6
2017-10-16,1303.3
2017-10-17,1284.8
2017-10-18,1280.2
2017-10-19,1286.4
2017-10-20,1281.2
2017-10-23,1274.9
2017-10-24,1276.5
2017-10-25,1275
2017-10-26,1273.8
2017-10-27,1266.5
2017-10-30,1272
2017-10-31,1270.2
2017-11-01,1277.1
2017-11-02,1279.2
2017-11-03,1267.2
2017-11-06,1270.9
2017-11-07,1275.6
2017-11-08,1284
2017-11-09,1284.8
2017-11-10,1284.3
2017-11-13,1278
2017-11-14,1274.6
2017-11-15,1282.2
2017-11-16,1280
2017-11-17,1284.4
2017-11-20,1286.2
2017-11-21,1283.3
2017-11-22,1287
2017-11-23,1290.4
2017-11-24,1290.5
2017-11-27,1294.9
2017-11-28,1291.9
2017-11-29,1283.9
2017-11-30,1280.2
2017-12-01,1275.5
2017-12-04,1273.5
2017-12-05,1266.3
2017-12-06,1263.7
2017-12-07,1255
2017-12-08,1250.7
2017-12-11,1247.2
2017-12-12,1240.9
2017-12-13,1242.7
2017-12-14,1251
2017-12-15,1254.6
2017-12-18,1260.6
2017-12-19,1260.4
2017-12-20,1264.6
2017-12-21,1264.6
2017-12-22,1264.6
2017-12-25,1264.6
2017-12-26,1264.6
2017-12-27,1279.4
2017-12-28,1291
2017-12-29,1291
2018-01-01,1291
2018-01-02,1312.1
2018-01-03,1314.9
2018-01-04,1314.5
2018-01-05,1317.2
2018-01-08,1320
2018-01-09,1311
2018-01-10,1319.8
2018-01-11,1323.1
2018-01-12,1326.8
2018-01-15,1339.3
2018-01-16,1333.9
2018-01-17,1335.7
2018-01-18,1332.2
2018-01-19,1335
2018-01-22,1332.6
2018-01-23,1333.4
2018-01-24,1353.7
2018-01-25,1355
2018-01-26,1353.2
2018-01-29,1343.9
2018-01-30,1344.9
2018-01-31,1345.1
2018-02-01,1341.4
2018-02-02,1331.2
2018-02-05,1333.6
2018-02-06,1331.4
2018-02-07,1324.7
2018-02-08,1315.5
2018-02-09,1314.1
2018-02-12,1322.3
2018-02-13,1325.4
2018-02-14,1336.3
2018-02-15,1352.5
2018-02-16,1352.1
2018-02-19,1346.6
2018-02-20,1339.9
2018-02-21,1330.5
2018-02-22,1328.4
2018-02-23,1328
2018-02-26,1333.5
2018-02-27,1325.8
2018-02-28,1317.9
2018-03-01,1307.8
2018-03-02,1322.3
2018-03-05,1320.4
2018-03-06,1331.4
2018-03-07,1329.4
2018-03-08,1321
2018-03-09,1320.6
2018-03-12,1319.2
2018-03-13,1322.8
2018-03-14,1323.6
2018-03-15,1318.8
2018-03-16,1310.1
2018-03-19,1312.4
2018-03-20,1311
2018-03-21,1321.4
2018-03-22,1329.2
2018-03-23,1346.6
2018-03-26,1352.4
2018-03-27,1341.5
2018-03-28,1332.5
2018-03-29,1323.9
2018-03-30,1323.9
2018-04-02,1323.9
2018-04-03,1333.5
2018-04-04,1337.3
2018-04-05,1327.7
2018-04-06,1331.2
2018-04-09,1332
2018-04-10,1339
2018-04-11,1350.8
2018-04-12,1341.4
2018-04-13,1343.7
2018-04-16,1349.4
2018-04-17,1342.1
2018-04-18,1351.5
2018-04-19,1348.6
2018-04-20,1336.8
2018-04-23,1324.3
2018-04-24,1328.9
2018-04-25,1321.7
2018-04-26,1320.7
2018-04-27,1321.5
2018-04-30,1313.2
2018-05-01,1307.1
2018-05-02,1304.2
2018-05-03,1315.1
2018-05-04,1309.4
2018-05-07,1309.4
2018-05-08,1306.6
2018-05-09,1313.9
2018-05-10,1318.8
2018-05-11,1324.4
2018-05-14,1319.9
2018-05-15,1295
2018-05-16,1291.3
2018-05-17,1289.5
2018-05-18,1288.3
2018-05-21,1288.4
2018-05-22,1293.1
2018-05-23,1289
2018-05-24,1304.9
2018-05-25,1303.5
2018-05-28,1303.5
2018-05-29,1295.5
2018-05-30,1300.7
2018-05-31,1305.4
2018-06-01,1294.6
2018-06-04,1295.5
2018-06-05,1292.1
2018-06-06,1300.1
2018-06-07,1297.3
2018-06-08,1298.3
2018-06-11,1299.6
2018-06-12,1298.7
2018-06-13,1296.2
2018-06-14,1302.8
2018-06-15,1285.3
2018-06-18,1281.6
2018-06-19,1276.2
2018-06-20,1274.2
2018-06-21,1266.2
2018-06-22,1269.2
2018-06-25,1268.7
2018-06-26,1260.3
2018-06-27,1254.6
2018-06-28,1251.6
2018-06-29,1250.5
2018-07-02,1247.8
2018-07-03,1251.8
2018-07-04,1255.7
2018-07-05,1255.5
2018-07-06,1255.4
2018-07-09,1262.1
2018-07-10,1254
2018-07-11,1251.4
2018-07-12,1245.9
2018-07-13,1241.7
2018-07-16,1241.1
2018-07-17,1232.8
2018-07-18,1224.5
2018-07-19,1217.6
2018-07-20,1228.8
2018-07-23,1225
2018-07-24,1228.4
2018-07-25,1231.5
2018-07-26,1228.3
2018-07-27,1224
2018-07-30,1223.8
2018-07-31,1221
2018-08-01,1219
2018-08-02,1215.5
2018-08-03,1216.3
2018-08-06,1209.7
2018-08-07,1212.4
2018-08-08,1209.6
2018-08-09,1214.4
2018-08-10,1214.4
2018-08-13,1200.4
2018-08-14,1197
2018-08-15,1182
2018-08-16,1180.4
2018-08-17,1178.4
2018-08-20,1184.4
2018-08-21,1191
2018-08-22,1196.7
2018-08-23,1192.4
2018-08-24,1197.7
2018-08-27,1197.7
2018-08-28,1212.3
2018-08-29,1204.2
2018-08-30,1197.3
2018-08-31,1202.5
2018-09-03,1200.1
2018-09-04,1190.9
2018-09-05,1196.7
2018-09-06,1205.2
2018-09-07,1198.9
2018-09-10,1196.6
2018-09-11,1189.9
2018-09-12,1195.6
2018-09-13,1209.8
2018-09-14,1202
2018-09-17,1201.9
2018-09-18,1200.2
2018-09-19,1203.3
2018-09-20,1208.4
2018-09-21,1198.7
2018-09-24,1202.8
2018-09-25,1201.9
2018-09-26,1194.3
2018-09-27,1185.4
2018-09-28,1187.3
2018-10-01,1189.4
2018-10-02,1204.7
2018-10-03,1201.2
2018-10-04,1203.5
2018-10-05,1203.8
2018-10-08,1187
2018-10-09,1185.6
2018-10-10,1188.6
2018-10-11,1205.6
2018-10-12,1219.8
2018-10-15,1230
2018-10-16,1230.7
2018-10-17,1229.1
2018-10-18,1223
2018-10-19,1227.9
2018-10-22,1222.3
2018-10-23,1236
2018-10-24,1230.6
2018-10-25,1230.8
2018-10-26,1233.9
2018-10-29,1230.8
2018-10-30,1225.4
2018-10-31,1215
2018-11-01,1231.2
2018-11-02,1232.1
2018-11-05,1232.3
2018-11-06,1231.6
2018-11-07,1230
2018-11-08,1224.2
2018-11-09,1211.4
2018-11-12,1205.6
2018-11-13,1202.1
2018-11-14,1203.3
2018-11-15,1211.9
2018-11-16,1222.4
2018-11-19,1221.6
2018-11-20,1223
2018-11-21,1226.1
2018-11-22,1227.1
2018-11-23,1223.7
2018-11-26,1223.4
2018-11-27,1221.2
2018-11-28,1213.3
2018-11-29,1226.3
2018-11-30,1217.6
2018-12-03,1230.3
2018-12-04,1240.3
2018-12-05,1235.9
2018-12-06,1242.6
2018-12-07,1243.3
2018-12-10,1245.4
2018-12-11,1245.3
2018-12-12,1245.8
2018-12-13,1242.8
2018-12-14,1235.4
2018-12-17,1241.7
2018-12-18,1246.3
2018-12-19,1255
2018-12-20,1259.8
2018-12-21,1258.2
2018-12-24,1258.2
2018-12-25,1258.2
2018-12-26,1258.2
2018-12-27,1268
2018-12-28,1279
2018-12-31,1279
2019-01-01,1279
2019-01-02,1282.9
2019-01-03,1290.5
2019-01-04,1279.9
2019-01-07,1292.2
2019-01-08,1286.5
2019-01-09,1288.6
2019-01-10,1291.9
2019-01-11,1289
2019-01-14,1292.8
2019-01-15,1294.4
2019-01-16,1292.3
2019-01-17,1290.7
2019-01-18,1284.2
2019-01-21,1279.6
2019-01-22,1282.1
2019-01-23,1279.8
2019-01-24,1283.7
2019-01-25,1293.9
2019-01-28,1302.2
2019-01-29,1307.6
2019-01-30,1310.7
2019-01-31,1323.3
2019-02-01,1318.7
2019-02-04,1312.2
2019-02-05,1314.2
2019-02-06,1312.4
2019-02-07,1310
2019-02-08,1314.9
2019-02-11,1306.4
2019-02-12,1310
2019-02-13,1312.8
2019-02-14,1311.5
2019-02-15,1316.6
2019-02-18,1325.5
2019-02-19,1334.2
2019-02-20,1343.8
2019-02-21,1331.3
2019-02-22,1329.1
2019-02-25,1331.1
2019-02-26,1325.1
2019-02-27,1322.9
2019-02-28,1319.2
2019-03-01,1312
2019-03-04,1285.4
2019-03-05,1283.8
2019-03-06,1285.9
2019-03-07,1285.3
2019-03-08,1296.8
2019-03-11,1292.8
2019-03-12,1297.1
2019-03-13,1307
2019-03-14,1295.6
2019-03-15,1303.5
2019-03-18,1305.6
2019-03-19,1307.7
2019-03-20,1303.7
2019-03-21,1309.6
2019-03-22,1311.3
2019-03-25,1319.6
2019-03-26,1316.3
2019-03-27,1309.7
2019-03-28,1295.2
2019-03-29,1295.4
2019-04-01,1293.5
2019-04-02,1290.3
2019-04-03,1290.5
2019-04-04,1283.2
2019-04-05,1288.5
2019-04-08,1300
2019-04-09,1303
2019-04-10,1305.5
2019-04-11,1298.8
2019-04-12,1294.3
2019-04-15,1285.7
2019-04-16,1276.4
2019-04-17,1275.9
2019-04-18,1275.7
2019-04-19,1275.7
2019-04-22,1275.7
2019-04-23,1269.5
2019-04-24,1271.7
2019-04-25,1280.8
2019-04-26,1284.2
2019-04-29,1279.5
2019-04-30,1282.3
2019-05-01,1283.8
2019-05-02,1271
2019-05-03,1278.6
2019-05-06,1278.6
2019-05-07,1281.2
2019-05-08,1285.2
2019-05-09,1286.1
2019-05-10,1287.1
2019-05-13,1295.6
2019-05-14,1298.4
2019-05-15,1299.1
2019-05-16,1291.7
2019-05-17,1280.8
2019-05-20,1276.9
2019-05-21,1271.2
2019-05-22,1273.8
2019-05-23,1283.7
2019-05-24,1282.5
2019-05-27,1282.5
2019-05-28,1278.3
2019-05-29,1281.7
2019-05-30,1281
2019-05-31,1295.6
2019-06-03,1317.1
2019-06-04,1324.3
2019-06-05,1335.1
2019-06-06,1335.5
2019-06-07,1340.7
2019-06-10,1328.6
2019-06-11,1324.3
2019-06-12,1332.4
2019-06-13,1335.9
2019-06-14,1351.3
2019-06-17,1341.3
2019-06-18,1341.4
2019-06-19,1344.1
2019-06-20,1379.5
2019-06-21,1397.2
2019-06-24,1405.7
2019-06-25,1431.4
2019-06-26,1404
2019-06-27,1402.5
2019-06-28,1409
2019-07-01,1390.1
2019-07-02,1391.1
2019-07-03,1413.5
2019-07-04,1414.9
2019-07-05,1388.7
2019-07-08,1400.1
2019-07-09,1391.6
2019-07-10,1408.3
2019-07-11,1413.8
2019-07-12,1407.6
2019-07-15,1412.4
2019-07-16,1409.9
2019-07-17,1410.4
2019-07-18,1417.5
2019-07-19,1439.7
2019-07-22,1427.8
2019-07-23,1425.6
2019-07-24,1427
2019-07-25,1416.1
2019-07-26,1420.4
2019-07-29,1419.1
2019-07-30,1425.9
2019-07-31,1427.6
2019-08-01,1406.8
2019-08-02,1441.8
2019-08-05,1465.3
2019-08-06,1465.3
2019-08-07,1506.1
2019-08-08,1495.8
2019-08-09,1497.7
2019-08-12,1504.7
2019-08-13,1498.4
2019-08-14,1513.3
2019-08-15,1515.7
2019-08-16,1515.3
2019-08-19,1496.6
2019-08-20,1504.6
2019-08-21,1503.3
2019-08-22,1502.1
2019-08-23,1503.8
2019-08-26,1503.8
2019-08-27,1533
2019-08-28,1537.2
2019-08-29,1540.2
2019-08-30,1528.4
2019-09-02,1526
2019-09-03,1537.9
2019-09-04,1546.1
2019-09-05,1529.1
2019-09-06,1523.7
2019-09-09,1509.2
2019-09-10,1498.3
2019-09-11,1490.7
2019-09-12,1515.2
2019-09-13,1503.1
2019-09-16,1497.2
2019-09-17,1502.1
2019-09-18,1503.5
2019-09-19,1500.7
2019-09-20,1501.9
2019-09-23,1522.1
2019-09-24,1520.7
2019-09-25,1528.8
2019-09-26,1506.4
2019-09-27,1489.9
2019-09-30,1485.3
2019-10-01,1473.5
2019-10-02,1492.6
2019-10-03,1517.1
2019-10-04,1499.2
2019-10-07,1501.3
2019-10-08,1505.9
2019-10-09,1507.3
2019-10-10,1494.8
2019-10-11,1479.2
2019-10-14,1490.6
2019-10-15,1487.8
2019-10-16,1485.1
2019-10-17,1492.7
2019-10-18,1490
2019-10-21,1491.7
2019-10-22,1485.4
2019-10-23,1494.5
2019-10-24,1496.6
2019-10-25,1513.5
2019-10-28,1492.4
2019-10-29,1486.8
2019-10-30,1492.1
2019-10-31,1511
2019-11-01,1508.8
2019-11-04,1509.5
2019-11-05,1489
2019-11-06,1486.1
2019-11-07,1484.3
2019-11-08,1464.2
2019-11-11,1458.7
2019-11-12,1452.1
2019-11-13,1462.9
2019-11-14,1466.7
2019-11-15,1466.9
2019-11-18,1467.7
2019-11-19,1468.5
2019-11-20,1471.7
2019-11-21,1467.1
2019-11-22,1464.5
2019-11-25,1458.4
2019-11-26,1454.7
2019-11-27,1454.4
2019-11-28,1454.7
2019-11-29,1460.2
2019-12-02,1461.2
2019-12-03,1477.3
2019-12-04,1475.1
2019-12-05,1476
2019-12-06,1459.7
2019-12-09,1461.7
2019-12-10,1465
2019-12-11,1466.8
2019-12-12,1467.8
2019-12-13,1466.6
2019-12-16,1477.9
2019-12-17,1475.8
2019-12-18,1474.1
2019-12-19,1476.7
2019-12-20,1479
2019-12-23,1482.1
2019-12-24,1482.1
2019-12-25,1482.1
2019-12-26,1482.1
2019-12-27,1511.5
2019-12-30,1514.8
2019-12-31,1514.8
2020-01-01,1514.8
2020-01-02,1527.1
2020-01-03,1548.8
2020-01-06,1573.1
2020-01-07,1567.9
2020-01-08,1572
2020-01-09,1550.8
2020-01-10,1553.6
2020-01-13,1549.9
2020-01-14,1545.1
2020-01-15,1549
2020-01-16,1554.6
2020-01-17,1557.6
2020-01-20,1560.2
2020-01-21,1551.3
2020-01-22,1556.9
2020-01-23,1562.9
2020-01-24,1564.3
2020-01-27,1580.1
2020-01-28,1574
2020-01-29,1573.5
2020-01-30,1578.3
2020-01-31,1584.2
2020-02-03,1574.8
2020-02-04,1558.4
2020-02-05,1553.3
2020-02-06,1563.3
2020-02-07,1572.7
2020-02-10,1573.2
2020-02-11,1570.5
2020-02-12,1563.7
2020-02-13,1575.1
2020-02-14,1581.4
2020-02-17,1580.8
2020-02-18,1589.9
2020-02-19,1604.2
2020-02-20,1619
2020-02-21,1643.3
2020-02-24,1671.7
2020-02-25,1650.3
2020-02-26,1634.9
2020-02-27,1652
2020-02-28,1609.9
2020-03-02,1599.7
2020-03-03,1615.5
2020-03-04,1641.9
2020-03-05,1659.6
2020-03-06,1683.7
2020-03-09,1672.5
2020-03-10,1655.7
2020-03-11,1653.8
2020-03-12,1570.7
2020-03-13,1562.8
2020-03-16,1487.7
2020-03-17,1536.2
2020-03-18,1498.2
2020-03-19,1474.3
2020-03-20,1494.4
2020-03-23,1525.4
2020-03-24,1605.8
2020-03-25,1605.5
2020-03-26,1634.8
2020-03-27,1617.3
2020-03-30,1618.3
2020-03-31,1609
2020-04-01,1576.6
2020-04-02,1616.8
2020-04-03,1613.1
2020-04-06,1648.3
2020-04-07,1649.3
2020-04-08,1647.8
2020-04-09,1680.7
2020-04-10,1680.7
2020-04-13,1680.7
2020-04-14,1741.9
2020-04-15,1718.7
2020-04-16,1729.5
2020-04-17,1692.6
2020-04-20,1686.2
2020-04-21,1682.1
2020-04-22,1710.6
2020-04-23,1736.3
2020-04-24,1715.9
2020-04-27,1715
2020-04-28,1691.6
2020-04-29,1703.4
2020-04-30,1702.8
2020-05-01,1686.3
2020-05-04,1709.1
2020-05-05,1699.6
2020-05-06,1691.5
2020-05-07,1704.1
2020-05-08,1704.1
2020-05-11,1702.8
2020-05-12,1702.4
2020-05-13,1708.4
2020-05-14,1731.6
2020-05-15,1735.4
2020-05-18,1734.7
2020-05-19,1738
2020-05-20,1748.3
2020-05-21,1724.9
2020-05-22,1733.6
2020-05-25,1733.6
2020-05-26,1720.3
2020-05-27,1694.6
2020-05-28,1717.4
2020-05-29,1728.7
2020-06-01,1730.6
2020-06-02,1742.2
2020-06-03,1705.4
2020-06-04,1700.1
2020-06-05,1683.5
2020-06-08,1690.4
2020-06-09,1713.5
2020-06-10,1722.1
2020-06-11,1738.3
2020-06-12,1733.5
2020-06-15,1710.5
2020-06-16,1719.9
2020-06-17,1724.4
2020-06-18,1719.5
2020-06-19,1734.8
2020-06-22,1761.9
2020-06-23,1768.9
2020-06-24,1766.1
2020-06-25,1756.6
2020-06-26,1747.6
2020-06-29,1771.6
2020-06-30,1768.1
2020-07-01,1771.1
2020-07-02,1777.5
2020-07-03,1772.9
2020-07-06,1787.9
2020-07-07,1789.6
2020-07-08,1811.1
2020-07-09,1812.1
2020-07-10,1803.1
2020-07-13,1807.5
2020-07-14,1801.9
2020-07-15,1804.6
2020-07-16,1807.7
2020-07-17,1807.4
2020-07-20,1815.7
2020-07-21,1842.6
2020-07-22,1852.4
2020-07-23,1878.3
2020-07-24,1902.1
2020-07-27,1936.7
2020-07-28,1940.9
2020-07-29,1950.9
2020-07-30,1957.7
2020-07-31,1964.9
2020-08-03,1958.6
2020-08-04,1977.9
2020-08-05,2048.2
2020-08-06,2067.2
2020-08-07,2031.2
2020-08-10,2044.5
2020-08-11,1939.7
2020-08-12,1931.9
2020-08-13,1944.3
2020-08-14,1944.8
2020-08-17,1972.9
2020-08-18,2008.8
2020-08-19,1981
2020-08-20,1927.2
2020-08-21,1924.4
2020-08-24,1944
2020-08-25,1911.2
2020-08-26,1933
2020-08-27,1923.9
2020-08-28,1957.4
2020-08-31,1957.4
2020-09-01,1972.4
2020-09-02,1947.1
2020-09-03,1940.5
2020-09-04,1926.3
2020-09-07,1928.5
2020-09-08,1911
2020-09-09,1947.2
2020-09-10,1966.3
2020-09-11,1947.4
2020-09-14,1958.7
2020-09-15,1949.4
2020-09-16,1961.8
2020-09-17,1936.3
2020-09-18,1950.9
2020-09-21,1909.4
2020-09-22,1906
2020-09-23,1873.4
2020-09-24,1861.8
2020-09-25,1859.7
2020-09-28,1864.3
2020-09-29,1884
2020-09-30,1886.9
2020-10-01,1902
2020-10-02,1903.1
2020-10-05,1909.6
2020-10-06,1913.4
2020-10-07,1884.5
2020-10-08,1887.5
2020-10-09,1923.3
2020-10-12,1925.5
2020-10-13,1891.3
2020-10-14,1910.1
2020-10-15,1891.9
2020-10-16,1905.1
2020-10-19,1905.6
2020-10-20,1898.4
2020-10-21,1924.2
2020-10-22,1901
2020-10-23,1903.7
2020-10-26,1898.5
2020-10-27,1905.7
2020-10-28,1870
2020-10-29,1870.3
2020-10-30,1881.9
2020-11-02,1889.9
2020-11-03,1908.3
2020-11-04,1900.2
2020-11-05,1938.5
2020-11-06,1940.8
2020-11-09,1867.3
2020-11-10,1878.7
2020-11-11,1861
2020-11-12,1874.9
2020-11-13,1890.9
2020-11-16,1885.6
2020-11-17,1889.1
2020-11-18,1876.1
2020-11-19,1857.4
2020-11-20,1875.7
2020-11-23,1840.2
2020-11-24,1799.6
2020-11-25,1810.2
2020-11-26,1807.4
2020-11-27,1779.3
2020-11-30,1762.6
2020-12-01,1810.8
2020-12-02,1822.6
2020-12-03,1832.4
2020-12-04,1843
2020-12-07,1860
2020-12-08,1868.2
2020-12-09,1841.8
2020-12-10,1844.4
2020-12-11,1842
2020-12-14,1831.2
2020-12-15,1850.7
2020-12-16,1852
2020-12-17,1890.8
2020-12-18,1879.8
2020-12-21,1880
2020-12-22,1877.1
2020-12-23,1875
2020-12-24,1875
2020-12-25,1875
2020-12-28,1875
2020-12-29,1874.3
2020-12-30,1887.6
2020-12-31,1887.6
2021-01-01,1887.6
2021-01-04,1943.2
2021-01-05,1940.4
2021-01-06,1932
2021-01-07,1920.1
2021-01-08,1862.9
2021-01-11,1847.3
2021-01-12,1841.3
2021-01-13,1858.9
2021-01-14,1841.8
2021-01-15,1839
2021-01-18,1833.1
2021-01-19,1834.7
2021-01-20,1856.6
2021-01-21,1862.1
2021-01-22,1852.7
2021-01-25,1856.9
2021-01-26,1856.6
2021-01-27,1843
2021-01-28,1853.7
2021-01-29,1863.8
2021-02-01,1863
2021-02-02,1833.1
2021-02-03,1835.5
2021-02-04,1785.9
2021-02-05,1803
2021-02-08,1835.3
2021-02-09,1839.6
2021-02-10,1842.7
2021-02-11,1840.1
2021-02-12,1816.4
2021-02-15,1817.3
2021-02-16,1794.3
2021-02-17,1780.7
2021-02-18,1773.2
2021-02-19,1786.2
2021-02-22,1807.5
2021-02-23,1799.7
2021-02-24,1788
2021-02-25,1779.7
2021-02-26,1742.9
2021-03-01,1734.2
2021-03-02,1723.9
2021-03-03,1711.4
2021-03-04,1712.1
2021-03-05,1696.3
2021-03-08,1687.1
2021-03-09,1716.9
2021-03-10,1716.2
2021-03-11,1724.3
2021-03-12,1704.8
2021-03-15,1723.7
2021-03-16,1735
2021-03-17,1729.7
2021-03-18,1725.9
2021-03-19,1735.2
2021-03-22,1736.2
2021-03-23,1726.2
2021-03-24,1730.5
2021-03-25,1737.3
2021-03-26,1731.8
2021-03-29,1706
2021-03-30,1684
2021-03-31,1691.1
2021-04-01,1726.1
2021-04-02,1726.1
2021-04-05,1726.1
2021-04-06,1744.7
2021-04-07,1738.1
2021-04-08,1755.5
2021-04-09,1741.2
2021-04-12,1732.9
2021-04-13,1748
2021-04-14,1735.6
2021-04-15,1757.2
2021-04-16,1774.5
2021-04-19,1774.5
2021-04-20,1777.9
2021-04-21,1798.2
2021-04-22,1787.8
2021-04-23,1781.8
2021-04-26,1773.4
2021-04-27,1784.2
2021-04-28,1772.2
2021-04-29,1762.7
2021-04-30,1767.7
2021-05-03,1767.7
2021-05-04,1797.8
2021-05-05,1782.3
2021-05-06,1813.2
2021-05-07,1836.6
2021-05-10,1840.5
2021-05-11,1829.1
2021-05-12,1830.7
2021-05-13,1821.8
2021-05-14,1838.1
2021-05-17,1853.7
2021-05-18,1866.8
2021-05-19,1888.5
2021-05-20,1878.3
2021-05-21,1875.9
2021-05-24,1880.2
2021-05-25,1887
2021-05-26,1899.8
2021-05-27,1891.5
2021-05-28,1900
2021-05-31,1900
2021-06-01,1899.4
2021-06-02,1902.8
2021-06-03,1866.6
2021-06-04,1890.6
2021-06-07,1888.4
2021-06-08,1893.2
2021-06-09,1894.6
2021-06-10,1888.7
2021-06-11,1881.1
2021-06-14,1865.6
2021-06-15,1865.1
2021-06-16,1860.8
2021-06-17,1778.7
2021-06-18,1773.1
2021-06-21,1775.1
2021-06-22,1775.1
2021-06-23,1791.6
2021-06-24,1784.9
2021-06-25,1786.7
2021-06-28,1780.3
2021-06-29,1755.5
2021-06-30,1763.2
2021-07-01,1781.5
2021-07-02,1786.2
2021-07-05,1791.4
2021-07-06,1809.9
2021-07-07,1804.7
2021-07-08,1807.7
2021-07-09,1806
2021-07-12,1792.4
2021-07-13,1813.9
2021-07-14,1823.2
2021-07-15,1823.8
2021-07-16,1824.3
2021-07-19,1814.9
2021-07-20,1823.1
2021-07-21,1802.2
2021-07-22,1799.5
2021-07-23,1799.6
2021-07-26,1800.2
2021-07-27,1800.4
2021-07-28,1796.6
2021-07-29,1829.3
2021-07-30,1825.8
2021-08-02,1811.5
2021-08-03,1812.7
2021-08-04,1829.1
2021-08-05,1800.8
2021-08-06,1762.9
2021-08-09,1738.9
2021-08-10,1723.4
2021-08-11,1743.6
2021-08-12,1747.4
2021-08-13,1773.9
2021-08-16,1786.4
2021-08-17,1789.5
2021-08-18,1783.5
2021-08-19,1782.1
2021-08-20,1779.1
2021-08-23,1802
2021-08-24,1808.5
2021-08-25,1788.7
2021-08-26,1786.6
2021-08-27,1798.5
2021-08-30,1798.5
2021-08-31,1814.9
2021-09-01,1811.8
2021-09-02,1812.6
2021-09-03,1823.7
2021-09-06,1821.6
2021-09-07,1802.2
2021-09-08,1786
2021-09-09,1788.3
2021-09-10,1794.6
2021-09-13,1793.9
2021-09-14,1792.8
2021-09-15,1797
2021-09-16,1748
2021-09-17,1756
2021-09-20,1757.8
2021-09-21,1774.5
2021-09-22,1773.4
2021-09-23,1750
2021-09-24,1746.8
2021-09-27,1755.3
2021-09-28,1733.8
2021-09-29,1737.2
2021-09-30,1742.8
2021-10-01,1757.1
2021-10-04,1754.6
2021-10-05,1753.2
2021-10-06,1759.7
2021-10-07,1762.1
2021-10-08,1773.3
2021-10-11,1757.7
2021-10-12,1767.8
2021-10-13,1785.7
2021-10-14,1798.7
2021-10-15,1772.7
2021-10-18,1767.9
2021-10-19,1779.6
2021-10-20,1778
2021-10-21,1779.3
2021-10-22,1808.3
2021-10-25,1805.3
2021-10-26,1785.6
2021-10-27,1795.3
2021-10-28,1803.5
2021-10-29,1769.2
2021-11-01,1793.8
2021-11-02,1790.5
2021-11-03,1763.5
2021-11-04,1796.2
2021-11-05,1801.9
2021-11-08,1822.4
2021-11-09,1827.3
2021-11-10,1859.4
2021-11-11,1857.9
2021-11-12,1860.6
2021-11-15,1859.9
2021-11-16,1859.2
2021-11-17,1864.9
2021-11-18,1860.3
2021-11-19,1861.1
2021-11-22,1816.1
2021-11-23,1789.2
2021-11-24,1782.1
2021-11-25,1788.2
2021-11-26,1800.8
2021-11-29,1786
2021-11-30,1804.4
2021-12-01,1789.3
2021-12-02,1765
2021-12-03,1767.6
2021-12-06,1778.7
2021-12-07,1781.4
2021-12-08,1783.8
2021-12-09,1776.2
2021-12-10,1779.8
2021-12-13,1787.8
2021-12-14,1776.9
2021-12-15,1768.7
2021-12-16,1795.7
2021-12-17,1807.7
2021-12-20,1796.3
2021-12-21,1793.8
2021-12-22,1792.8
2021-12-23,1805.2
2021-12-24,1805.2
2021-12-27,1805.2
2021-12-28,1805.2
2021-12-29,1794.3
2021-12-30,1805.9
2021-12-31,1805.9
2022-01-03,1805.9
2022-01-04,1811.4
2022-01-05,1826.3
2022-01-06,1789.4
2022-01-07,1792.6
2022-01-10,1794.2
2022-01-11,1806.8
2022-01-12,1821.4
2022-01-13,1820.4
2022-01-14,1823
2022-01-17,1817.9
2022-01-18,1817.3
2022-01-19,1827
2022-01-20,1845.4
2022-01-21,1837.6
2022-01-24,1831.6
2022-01-25,1847.3
2022-01-26,1836
2022-01-27,1806.8
2022-01-28,1788.2
2022-01-31,1795.3
2022-02-01,1799.9
2022-02-02,1803.7
2022-02-03,1792.7
2022-02-04,1804.7
2022-02-07,1813.6
2022-02-08,1822.6
2022-02-09,1827.8
2022-02-10,1835.4
2022-02-11,1831.2
2022-02-14,1866.2
2022-02-15,1848.6
2022-02-16,1862.6
2022-02-17,1893.5
2022-02-18,1893.6
2022-02-21,1894.5
2022-02-22,1900.1
2022-02-23,1904.7
2022-02-24,1936.3
2022-02-25,1884.8
2022-02-28,1909.9
2022-03-01,1922
2022-03-02,1928.5
2022-03-03,1929.6
2022-03-04,1945.3
2022-03-07,1981
2022-03-08,2039.1
2022-03-09,1988.9
2022-03-10,1996.6
2022-03-11,1978.7
2022-03-14,1954.1
2022-03-15,1913.7
2022-03-16,1913.2
2022-03-17,1949.7
2022-03-18,1935.8
2022-03-21,1935.1
2022-03-22,1915.3
2022-03-23,1931.8
2022-03-24,1965.2
2022-03-25,1953.8
2022-03-28,1937.1
2022-03-29,1910
2022-03-30,1933.9
2022-03-31,1942.2
2022-04-01,1929.4
2022-04-04,1930.3
2022-04-05,1944.1
2022-04-06,1930.2
2022-04-07,1932.4
2022-04-08,1941.4
2022-04-11,1951.6
2022-04-12,1960.9
2022-04-13,1976.8
2022-04-14,1963.3
2022-04-15,1963.3
2022-04-18,1963.3
2022-04-19,1964
2022-04-20,1949.6
2022-04-21,1943.7
2022-04-22,1941.6
2022-04-25,1895
2022-04-26,1904.6
2022-04-27,1885.8
2022-04-28,1888.5
2022-04-29,1911.3
2022-05-02,1911.3
2022-05-03,1869.7
2022-05-04,1863.7
2022-05-05,1892.3
2022-05-06,1882.4
2022-05-09,1860.9
2022-05-10,1857.4
2022-05-11,1852
2022-05-12,1837.1
2022-05-13,1811.6
2022-05-16,1809.5
2022-05-17,1825
2022-05-18,1810.7
2022-05-19,1844
2022-05-20,1834.2
2022-05-23,1856.2
2022-05-24,1867.1
2022-05-25,1847.2
2022-05-26,1848.3
2022-05-27,1851.8
2022-05-30,1855
2022-05-31,1838.7
2022-06-01,1844.9
2022-06-02,1844.9
2022-06-03,1844.9
2022-06-06,1847.2
2022-06-07,1849.6
2022-06-08,1853
2022-06-09,1844.9
2022-06-10,1830
2022-06-13,1830.9
2022-06-14,1818.3
2022-06-15,1823.8
2022-06-16,1826.5
2022-06-17,1841.6
2022-06-20,1836.5
2022-06-21,1840.3
2022-06-22,1841.9
2022-06-23,1841.9
2022-06-24,1825.5
2022-06-27,1826.3
2022-06-28,1819.1
2022-06-29,1817.8
2022-06-30,1817
2022-07-01,1797.5
2022-07-04,1808.4
2022-07-05,1772
2022-07-06,1754.3
2022-07-07,1748
2022-07-08,1738.2
2022-07-11,1740
2022-07-12,1730.7
2022-07-13,1724.6
2022-07-14,1700.7
2022-07-15,1706.2
2022-07-18,1719.1
2022-07-19,1713.1
2022-07-20,1709.3
2022-07-21,1705.1
2022-07-22,1737
2022-07-25,1718.9
2022-07-26,1720.1
2022-07-27,1714.1
2022-07-28,1753.5
2022-07-29,1753.4
2022-08-01,1772.4
2022-08-02,1779.8
2022-08-03,1761.3
2022-08-04,1783.2
2022-08-05,1773.3
2022-08-08,1784.1
2022-08-09,1795.3
2022-08-10,1795.1
2022-08-11,1796.7
2022-08-12,1792.1
2022-08-15,1776.6
2022-08-16,1774.9
2022-08-17,1767.2
2022-08-18,1765.6
2022-08-19,1750.8
2022-08-22,1733.3
2022-08-23,1746.6
2022-08-24,1745.7
2022-08-25,1753.6
2022-08-26,1751.3
2022-08-29,1751.3
2022-08-30,1730.3
2022-08-31,1715.9
2022-09-01,1694.3
2022-09-02,1712.5
2022-09-05,1711
2022-09-06,1702.6
2022-09-07,1702.7
2022-09-08,1709.4
2022-09-09,1713.4
2022-09-12,1726.4
2022-09-13,1704.9
2022-09-14,1703.9
2022-09-15,1689.1
2022-09-16,1664.7
2022-09-19,1664.7
2022-09-20,1664.2
2022-09-21,1671.8
2022-09-22,1671.9
2022-09-23,1643.6
2022-09-26,1643.4
2022-09-27,1634.3
2022-09-28,1652.2
2022-09-29,1654.8
2022-09-30,1671.8
2022-10-03,1668.4
2022-10-04,1714.9
2022-10-05,1700.5
2022-10-06,1714.2
2022-10-07,1696.2
2022-10-10,1676.6
2022-10-11,1664.7
2022-10-12,1670.7
2022-10-13,1648.1
2022-10-14,1649.3
2022-10-17,1664.8
2022-10-18,1653
2022-10-19,1631.7
2022-10-20,1635.3
2022-10-21,1643.3
2022-10-24,1649.2
2022-10-25,1659.3
2022-10-26,1666.8
2022-10-27,1659.8
2022-10-28,1648.1
2022-10-31,1639
2022-11-01,1645.3
2022-11-02,1649.6
2022-11-03,1628.8
2022-11-04,1674.4
2022-11-07,1679
2022-11-08,1678.7
2022-11-09,1715.3
2022-11-10,1744.8
2022-11-11,1759.4
2022-11-14,1768.9
2022-11-15,1771.4
2022-11-16,1773
2022-11-17,1758.6
2022-11-18,1751.6
2022-11-21,1740.4
2022-11-22,1743
2022-11-23,1740.2
2022-11-24,1755.4
2022-11-25,1751.9
2022-11-28,1746.6
2022-11-29,1752.7
2022-11-30,1753.5
2022-12-01,1803.2
2022-12-02,1784.8
2022-12-05,1776.8
2022-12-06,1773.8
2022-12-07,1782.2
2022-12-08,1790.2
2022-12-09,1796.2
2022-12-12,1786.6
2022-12-13,1823.6
2022-12-14,1808.1
2022-12-15,1783.6
2022-12-16,1792.6
2022-12-19,1790.8
2022-12-20,1813.9
2022-12-21,1817.6
2022-12-22,1800.7
2022-12-23,1800.7
2022-12-26,1800.7
2022-12-27,1800.7
2022-12-28,1803.4
2022-12-29,1813.8
2022-12-30,1813.8
2023-01-02,1813.8
2023-01-03,1843.3
2023-01-04,1857.3
2023-01-05,1834
2023-01-06,1852.2
2023-01-09,1878.9
2023-01-10,1878.7
2023-01-11,1872.4
2023-01-12,1882.6
2023-01-13,1907.2
2023-01-16,1917
2023-01-17,1913.8
2023-01-18,1920.7
2023-01-19,1918.6
2023-01-20,1924.9
2023-01-23,1914.9
2023-01-24,1920.8
2023-01-25,1930.8
2023-01-26,1932.5
2023-01-27,1923.1
2023-01-30,1924.1
2023-01-31,1923.9
2023-02-01,1925.9
2023-02-02,1921.7
2023-02-03,1875.4
2023-02-06,1873.3
2023-02-07,1870.7
2023-02-08,1872.7
2023-02-09,1879.1
2023-02-10,1859.7
2023-02-13,1856.1
2023-02-14,1863.7
2023-02-15,1831.2
2023-02-16,1829
2023-02-17,1834
2023-02-20,1845.8
2023-02-21,1836.9
2023-02-22,1835.8
2023-02-23,1826.1
2023-02-24,1811
2023-02-27,1818.7
2023-02-28,1824.6
2023-03-01,1841.3
2023-03-02,1836.2
2023-03-03,1841.2
2023-03-06,1849.1
2023-03-07,1826.6
2023-03-08,1816.3
2023-03-09,1831.4
2023-03-10,1861.3
2023-03-13,1911.3
2023-03-14,1907.6
2023-03-15,1923.4
2023-03-16,1922.8
2023-03-17,1962.1
2023-03-20,1969.4
2023-03-21,1952.5
2023-03-22,1949.4
2023-03-23,1978
2023-03-24,1993.8
2023-03-27,1946.3
2023-03-28,1962.9
2023-03-29,1965
2023-03-30,1965.8
2023-03-31,1979.7
2023-04-03,1983.3
2023-04-04,2009.6
2023-04-05,2030.9
2023-04-06,2001.9
2023-04-07,2001.9
2023-04-10,2001.9
2023-04-11,2002.7
2023-04-12,2008.2
2023-04-13,2048.5
2023-04-14,2019.4
2023-04-17,1995.6
2023-04-18,1999.4
2023-04-19,1990.6
2023-04-20,2007.2
2023-04-21,1973.7
2023-04-24,1978.2
2023-04-25,1987.4
2023-04-26,2003
2023-04-27,1985.7
2023-04-28,1982.6
2023-05-01,1982.6
2023-05-02,1995.4
2023-05-03,2014.3
2023-05-04,2044.7
2023-05-05,2001
2023-05-08,2001
2023-05-09,2030.2
2023-05-10,2037.2
2023-05-11,2016
2023-05-12,2019.9
2023-05-15,2019.9
2023-05-16,2007.5
2023-05-17,1974.4
2023-05-18,1960.3
2023-05-19,1961.6
2023-05-22,1970.3
2023-05-23,1969.2
2023-05-24,1969.7
2023-05-25,1948.3
2023-05-26,1947.9
2023-05-29,1947.9
2023-05-30,1952.5
2023-05-31,1964.4
2023-06-01,1974.4
2023-06-02,1963.3
2023-06-05,1959.7
2023-06-06,1957.3
2023-06-07,1967.4
2023-06-08,1966.4
2023-06-09,1960.3
2023-06-12,1952.9
2023-06-13,1954.4
2023-06-14,1955.8
2023-06-15,1952.4
2023-06-16,1959.8
2023-06-19,1951.2
2023-06-20,1930.5
2023-06-21,1925.7
2023-06-22,1920.1
2023-06-23,1930.7
2023-06-26,1922.9
2023-06-27,1918.9
2023-06-28,1908.4
2023-06-29,1899.6
2023-06-30,1912.3
2023-07-03,1928.8
2023-07-04,1927.8
2023-07-05,1924.7
2023-07-06,1908.8
2023-07-07,1922.3
2023-07-10,1922.8
2023-07-11,1934
2023-07-12,1953.3
2023-07-13,1958.1
2023-07-14,1953.7
2023-07-17,1949.6
2023-07-18,1975
2023-07-19,1975.4
2023-07-20,1976.1
